Название игры	Истинные значения	Предсказанные значения	Отношение
the last faith (2023)	37706	20501	1.8392273547631823
legacy of kain: defiance v1.1 hotfix [gog] (2003)	10010	14185	1.4170829170829171
enslaved: odyssey to the west premium edition [v1.0 + 4 dlc] (2013) pc | repack от xatab	72160	61544	1.1724944754972053
dead or alive 5: last round [v 1.10c + 73 dlc] (2015) pc | repack от xatab	69671	42815	1.6272568025224805
the free ones (2018) pc | лицензия	52135	40291	1.29396143059244
black geyser: couriers of darkness v1.2.42 [gog] (2022)	38388	27117	1.4156433233764798
devil's hunt (2019)  repack от	69203	48762	1.4191993765637176
blackguards special edition v1.6 [gog] (2014)	17124	24290	1.4184769913571595
evil inside [portable] (2021) pc | лицензия	23410	33686	1.4389577103801794
eldest souls [gog] (2021)	36938	22735	1.6247195953375853
112 operator [папка игры] (2020) pc | лицензия	18102	29528	1.6312009722682577
final fantasy ii [папка игры] (1988-2021)	11345	23057	2.0323490524460115
wall world v1.0.1.226 [gog] (2023)	49186	20229	2.4314597854565227
kôna (2017) pc | лицензия	56600	23176	2.442181567138419
ghoul (2018) pc | лицензия	38168	41891	1.0975424439320898
punch club 2: fast forward v.1.101 [папка игры] (2023)	57994	23916	2.4249038300719183
fallout 3 game of the year edition (2008-2009) pc | лицензия	52835	41312	1.2789262199845082
siege survival: gloria victis [gog] (2021) pc | лицензия	81701	27397	2.982114830090886
rogue legacy [gog] (eng/rus/multi8) от r.g. gogfan	20389	38657	1.8959733189464907
halo infinite [папка игры] (2021)	42868	32565	1.3163826193766313
ghostrunner: complete edition [v 42507.446 + dlcs] (2020) repack от decepticon	55041	32172	1.7108355091383811
factorio v.2.0.9 [папка игры (steam)] (2020)	44405	38443	1.1550867518143746
huntdown v.1.227 (47023) [gog] (2020) pc | лицензия	45956	25127	1.8289489393879095
heroes of might and magic 5 [gog] (2006)	38717	22861	1.6935829578758586
ark: survival evolved (2017) pc | лицензия	33411	43020	1.287599892251055
subnautica: below zero (2021) pc | лицензия	69674	30175	2.308997514498757
internet cafe simulator 2 (2022)	64241	30692	2.09308614622703
рхл 13 / rhl 13 (2013) pc | repack by xatab	50079	49574	1.010186791463267
land of the dead: road to fiddler's green v.1.1 [1с] (2005) pc | лицензия	66941	35172	1.9032469009439328
arcrunner (2023)	15878	22610	1.423982869379015
wild hearts (2023)	32908	27853	1.1814885290632966
deliver us the moon [1.4.2a-rc-3 (37763)] (2019) pc | repack от	52951	42644	1.241698714942313
amok runner (2022) pc | лицензия	29406	31673	1.0770931102496089
syrian warfare [portable] (2017) pc | лицензия	19767	32762	1.6574088126675772
f.e.a.r. (2005-2007) pc | лицензия	77701	44887	1.731035711898768
banner saga v2.60.02 [gog] (2014)	10158	23601	2.3233904311872418
star wars: republic commando [gog] (2005) pc | лицензия	52850	28199	1.8741799354587043
bus simulator 18	60654	51307	1.1821778704660182
space hulk: deathwing - enhanced edition [v 2.44 + dlc] (2018) pc | repack by xatab	93047	65892	1.412113761913434
tainted grail: conquest [gog] (2021)	69812	25177	2.772848234499742
wolfenstein: the old blood [gog] (2015) pc | лицензия	33269	23577	1.4110785935445562
surviving the aftermath (2021)	60099	33035	1.8192523081580143
tower of time [gog] (2018) pc | лицензия	97056	26270	3.694556528359345
wolfenstein: the new order [gog] (2014) pc | лицензия	56076	21594	2.596832453459294
weird west [gog] (2022)	37493	16561	2.2639333373588553
naruto shippuden: ultimate ninja storm revolution [update 2] (2014) рс | repack от xatab	78206	54589	1.4326329480298228
base one [gog] (2021) pc | лицензия	30257	24680	1.2259724473257698
ruined king: a league of legends story [gog] (2021) pc | лицензия	54148	20162	2.685646265251463
galactic civilizations iii ultimate edition v4.51.364586 [gog] (2015)	16206	21837	1.3474639022584227
naruto shippuden: ultimate ninja storm 2  (2017) pc | repack от xatab	97059	55870	1.737229282262395
dust: an elysian tail v.1.0 (20823) [gog] (2013)	14935	26137	1.7500502176096417
black the fall (2017) pc | repack by xatab	46451	52002	1.119502271210523
windblown v.0.1.0 [папка игры] (early access)	11905	24533	2.060730785384292
binary domain v.1.0.0.1 [steam-rip] (2012) pc | лицензия	50544	35659	1.4174261757200146
what happened	30186	37217	1.2329225468760352
pharaoh: a new era v.1.5 [gog] (1999-2023)	54537	18632	2.927060970373551
strategic mind the pacific (2019)  repack от xatab	36591	45667	1.2480391353064961
driver: parallel lines v1.0 [gog] (2007)	15177	14885	1.019617064158549
sleeping dogs definitive edition v. 1.0 (45681) [gog] (2014)	61812	22622	2.7323844045619308
transformers: devastation (2015) pc | repack от xatab	30041	44115	1.46849305948537
disintegration	53224	35608	1.4947202875758256
weird west (2022)	47859	25483	1.8780755797982969
bus driver simulator 2019 (2019) repack от xatab	84033	58551	1.4352103294563714
encased: a sci-fi post-apocalyptic rpg	51904	47237	1.0987996697504074
ys viii: lacrimosa of dana [gog] (2018)	25138	17520	1.4348173515981735
scrapland remastered v.1.1 / 1.6.1 (52159) [gog] (2021)	19798	19879	1.0040913223557935
sniper: ghost warrior - contracts (2019) pc | лицензия	25693	41826	1.6279142178803565
have a nice death (2023)	31579	16358	1.930492725272038
outlast v.1.0a (47147) [gog] (2013)	89913	23131	3.887121179369677
fable anniversary (2014) pc | лицензия	49012	29600	1.6558108108108107
the council - complete season (episode 1-5) (2018)  repack от xatab	67668	52683	1.2844371049484653
car mechanic simulator 2015: gold edition [v 1.1.6.0 + 12 dlc] (2015) pc | repack от xatab	55597	39343	1.4131357547721324
x-blades (ониблэйд) [l] (2007-2009) pc | лицензия	33062	41412	1.252555804246567
need for speed: most wanted - black edition (2005) pc | repack от decepticon	66031	31374	2.104640785363677
into the breach [gog] (2018) pc | лицензия	46215	18331	2.521139054061426
payday 2 v.1.143.228 [архив] (2013)	41742	33707	1.2383777850298157
heroes of might and magic 2 gold v.1.01 (2.1) (33438) [gog] (1996)	16469	16510	1.0024895257756998
postal 2 v.5024 (38436) [gog] (2003)	33513	15506	2.161292402940797
soulstice deluxe edition (2022)	40441	22377	1.8072574518478794
emergency 2017 (2016) pc | repack от xatab	21194	41825	1.9734358780787016
terraformers v.1.4.6 [gog] (2023)	54202	28737	1.8861398197445802
coffee talk v1.45 [gog] (2020)	9438	28969	3.069400296673024
thalassa: edge of the abyss v.1.0.0-012215 [папка игры] (2024)	62126	40471	1.53507449778854
hazel sky (2022)	19145	21841	1.1408200574562548
1953: kgb unleashed (фобос 1953) (2010) pc | лицензия	67821	35194	1.927061430925726
call of juarez gunslinger (2013) pc | repack от xatab	93350	62284	1.4987797829298055
crimson snow [portable] pc | лицензия	15207	22242	1.4626159005721049
this is the police v1.1.3.0 [gog] (2016)	13547	18817	1.3890160183066362
timeflow – time and money simulator (early access) pc | лицензия	85001	43034	1.9752056513454477
lego star wars iii: the clone wars v.1.0 (16810) [gog] (2011)	25435	14006	1.816007425389119
orange cast: sci-fi space action game [папка игры] (2021)	27531	22359	1.2313162484905407
mortal shell [gog] (2020)	77153	34382	2.243993950322843
heroes of might and magic v1.2 (1.1) [gog] (1996)	12523	15423	1.2315739040166094
venetica gold edition v1.0.3 [gog] (2009)	14729	16635	1.1294045760065177
half-life [portable] (1998-2001)	24598	44123	1.7937637206276933
the saboteur (2009) pc | лицензия	86077	45874	1.8763787766490823
black future '88 (2019) pc | лицензия	43266	24968	1.7328580583146427
gods will fall valiant edition [gog] (2021)	22227	18896	1.1762806943268416
the dark pictures anthology: little hope (2020) pc | лицензия	80187	37030	2.1654604374831217
the crown of wu (2023)	13797	24433	1.7708922229470174
sunblaze v1.1.2.016 [gog] (2021)	11728	22949	1.9567701227830832
hedon bloodrite [gog] (2021) pc | лицензия	33633	24983	1.3462354400992675
age of wonders: planetfall [gog] (2019)	30177	29992	1.0061683115497466
kholat  (2015) pc | repack от xatab	37579	46779	1.2448175842890976
lovecraft's untold stories 2 (2022)	20900	20606	1.0142676890226148
simairport [plaza] (2020) pc | лицензия	16802	40010	2.3812641352219974
chronos: before the ashes [gog] (2020) pc | лицензия	44263	36202	1.2226672559527099
tomb raider: anniversary v.1.0 (48900) [gog] (2007)	19203	14006	1.3710552620305583
breathedge v.1.1.0.3 [папка игры] (2021)	44748	27081	1.652376204719176
dracula origin v1.0 [gog] (2008)	8536	22889	2.6814667291471417
synthetik: legion rising v39 [gog] (2018)	10157	21188	2.0860490302254604
azure striker gunvolt 3 (2022) pc | лицензия	11292	31438	2.784094934466879
skyhill: black mist	20456	44474	2.174129839655847
observer: system redux [gog] (2017-2020) pc | лицензия	70107	34524	2.030674313521029
below [v 1.0.0.30] (2018) pc | repack от xatab	43245	50461	1.1668632211816394
star wars knights of the old republic	79671	56825	1.4020413550373956
burnhouse lane v.1.4.3 [архив] (2022)	63171	30476	2.0728113925712037
batman arkham city goty [v 1.1] (2012) repack от decepticon	36244	42419	1.1703730272596844
wrc powerslide (2014) pc | repack от xatab	23424	44280	1.8903688524590163
hearts of iron iii v1.4-3 [gog] (2009)	17674	16183	1.0921337205709696
leisure suit larry: reloaded (2013) pc | repack от xatab	25705	41901	1.6300719704337678
lego 2k drive (2023)	10310	23434	2.2729388942774005
need for speed: prostreet pc (2007) repack от decepticon	35599	30117	1.1820234419098847
alien breed 3: descent [gog] (2010) pc | лицензия	9957	20312	2.0399718790800443
wwe 2k15 (2015) pc | repack от xatab	75066	42815	1.7532640429755926
tavern manager simulator v.1.0.10_1 [папка игры] (2024)	65525	25857	2.5341300228178056
dead synchronicity: tomorrow comes today [gog] (2015) pc | лицензия	21673	21775	1.0047063166151433
ape out (2019) pc | лицензия	27505	38975	1.4170150881657881
edengate: the edge of life (2022)	16445	17462	1.0618425053207663
code vein v.1.53.61787 [папка игры] (2019)	25003	34570	1.3826340839099307
welcome to paradize (25/03/2024) [архив] (2024)	57968	29840	1.942627345844504
gamedec - digital deluxe edition [gog] (2021)	68673	22549	3.0455009091312255
broken lines v.1.6.1.0 (43525) [gog] (2020) pc | лицензия	38403	37598	1.0214107133358157
lacuna a sci-fi noir adventure save the world edition [gog] (2021)	38931	19024	2.046415054667788
mxgp - the official motocross videogame (2014) pc | repack от xatab	37352	46513	1.2452612979224673
this land is my land (2021) pc | лицензия	89020	32113	2.772086071061564
death's gambit (2018) pc | лицензия	86327	20380	4.235868498527968
steamworld heist ii v.1.4 [папка игры] (2024)	70392	33031	2.131088977021586
the lord of the rings: gollum [v 0.2.51064.11315968 + dlc] (2023) repack от decepticon	20362	28015	1.3758471662901484
ratchet & clank: rift apart [v 2.618.0.0] (2023) repack от decepticon	49159	34875	1.4095770609318996
call to arms (2018)	23617	36376	1.5402464326544438
gerda: a flame in winter (2022)	11179	20371	1.8222560157438052
postal iii (2011)	9443	48094	5.093084824737901
the inquisitor (2024/03/14) [папка игры] (2024)	43512	31450	1.383529411764706
prospekt (2016) pc | repack от xatab	44845	42723	1.0496687966669007
lost at sea [gog] (2021)	15428	19024	1.2330827067669172
trackmania sunrise + trackmania sunrise extreme v.1.5.1 [бука] (2005) pc | лицензия	15890	27793	1.7490874764002518
ori and the blind forest: definitive edition (2016) pc | лицензия	88170	33640	2.620986920332937
bioshock infinite (2013) pc | лицензия	43550	30374	1.433792058997827
land of war - the beginning [portable] (2021) pc | лицензия	41998	39089	1.074419913530661
no more heroes (2021)	15579	33103	2.1248475511907055
creaks [build 5311171]	24207	37051	1.5305903251125708
ride 4	37164	47661	1.2824507587988376
need for speed: shift pc (2009) repack от decepticon	14189	27217	1.918176051871168
zombie army: trilogy (2015) pc | repack от xatab	75406	47812	1.577135447168075
batman the enemy within the telltale series+batman shadows mode [gog] (eng/rus/multi8) от r.g. gogfan	26640	29539	1.1088213213213214
elex ii [steam] (2022) | лицензия	28447	37894	1.3320912574260906
ebola 2	65218	44774	1.4566042792692186
greedfall ii: the dying world v.0.1.1 [папка игры] (early access)	61733	23537	2.6228066448570337
call of juarez: bound in blood v.1.1.0.0 (32412) [gog] (2009)	20943	15506	1.3506384625306334
potion craft: alchemist simulator v1.0 [gog] (2022)	15459	34657	2.2418655799210816
supreme commander gold edition v1.1.3280 / 1.5 [gog] (2008)	11337	19763	1.7432301314280674
neighbours back from hell [gog] (2020) pc | лицензия	21754	37605	1.7286476050381538
aquanox deep descent - collector’s edition [gog] (2020) pc | лицензия	95046	38694	2.4563498216777795
thief simulator (v1.4) (2018)  repack от xatab	96988	49445	1.961533016482961
returnal (2023)	89831	33170	2.708200180886343
plague inc: evolved [v 1.19.1.0 + dlc] (2016) repack от decepticon	15202	33926	2.2316800420997236
brigador up-armored deluxe edition [gog] (2017) pc | лицензия	32831	20023	1.6396643859561504
marvel's guardians of the galaxy - deluxe edition (2021)	80759	38450	2.10036410923277
heroes of might and magic 3 complete [gog | windows] (eng/rus/multi4) от r.g. gogfan	55624	22832	2.436229852838122
borderlands game of the year enhanced	91315	69880	1.306740125930166
alan wake remastered [папка игры] (2010-2012-2021)	80530	41913	1.9213609142748074
saint kotar [папка игры] (2021)	33843	20048	1.6880985634477255
alaskan road truckers (2023)	22395	19988	1.1204222533520112
shadows: awakening (1.3.1) (2018) repack от xatab	64676	48436	1.3352878024609793
undertale (2015) pc | лицензия	71246	28492	2.500561561139969
raji: an ancient epic v. 1.4.0 [gog] (2020)	39666	29036	1.3660972585755613
atelier ryza: ever darkness & the secret hideout	97349	51704	1.882813708803961
sniper elite v2 [v 1.13 + dlcs] (2012) pc | repack от xatab	90183	77563	1.1627064450833515
lego star wars: the skywalker saga [v 1.0.0.27327 + dlcs] (2022) pc | repack от decepticon	28583	30096	1.0529335619074276
the casting of frank stone (26/09/2024) [папка игры] (2024)	99641	44354	2.2464941155250937
the valiant (2022)	49856	24003	2.0770736991209433
automobilista 2	35696	38659	1.0830064993276558
tropico 5 [v 1.10 + 14 dlc] (2014) pc | repack от xatab	72355	60330	1.1993204044422343
sherlock holmes the awakened [gog] (2023)	17786	22999	1.2930956932418756
professional farmer: cattle and crops [gog] (2017) pc | лицензия	22494	24746	1.1001155863785899
re-legion (2019) pc | лицензия	71502	24067	2.970956080940707
octopath traveler [cpy] (2019) pc | лицензия	60713	31751	1.9121602469213568
farming simulator 15: gold edition [v 1.4.2 + dlc's] (2014) pc | repack от xatab	71715	48018	1.4935024365862801
neva v.1.01 [папка игры] (2024)	31595	34378	1.0880835575249248
assassin's creed director's cut [gog] (2008)	36369	19518	1.8633569013218567
tank mechanic simulator (2020) pc | лицензия	31270	30093	1.0391120858671452
kong: survivor instinct [папка игры] (2024)	26803	32705	1.2201992314293175
the last oricru (2022)	50822	25418	1.9994492092218112
sekiro. shadows die twice - goty [portable] (2019) pc | лицензия	52441	40976	1.2797979304959
battletoads	70109	48018	1.4600566454246324
distraint: deluxe edition (2015) [portable]	22439	27544	1.2275056820713937
the outer worlds: spacer's choice edition (steam) (2019-2023) pc | лицензия	46062	23612	1.9507877350499745
plants vs. zombies [portable] (2009) pc | лицензия	47228	39166	1.2058418015625798
rad (2019) pc | repack от xatab	31727	45371	1.4300438112648532
skully	32428	35492	1.094486246453682
ww2 rebuilder (2023)	36390	26496	1.3734148550724639
rocket league (2015) pc | repack от xatab	29984	40452	1.349119530416222
space haven v.0.19.0 build 16 [папка игры] (early access)	23719	33546	1.414309203592057
chasm: the rift (2022)	25102	26181	1.0429846227392239
arkham horror: mother's embrace v1026 5824 [gog] (2021)	14315	21269	1.4857841425078588
wild west dynasty	43280	20091	2.15419839729232
metal gear solid 2 substance v.1.0cu (45301) [gog] (2003)	32270	18565	1.738217075141395
panzer corps 2	65975	36388	1.8130977245245685
the shore v1.0 [gog] (2021)	11827	18896	1.5977001775598207
warhammer 40 000: dawn of war ii: retribution - complete edition (2011) pc | repack от xatab	95512	56168	1.700470018515881
dustborn v.1.2 [папка игры] (2024)	85570	32043	2.670474050494648
fatal frame / project zero: maiden of black water (2014-2021) pc | лицензия	26999	39899	1.477795473906441
icewind dale 2 complete v2.1.0.13 [gog] (2002)	28134	22533	1.2485687658101452
fears to fathom - woodbury getaway v.1.3 [папка игры] (2024)	48480	39606	1.224056961066505
amid evil warrior edition (2019) pc | лицензия	66705	21616	3.0859085862324203
for the king (2017) pc | repack от xatab	38455	53236	1.3843713431283318
heavy rain	44262	52847	1.1939587004654104
chef life: a restaurant simulator v.1.4.0.0 [папка игры] (2023)	26544	27425	1.0331901748040988
watch dogs: legion [v 1.5.6] (2020) pc | repack от decepticon	83542	32529	2.5682314242675766
you are empty [1c] (2006) pc | лицензия	48980	43848	1.1170406860062032
soldier of fortune: payback v1.1 [gog] (2007)	16963	16762	1.0119914091397209
simcity 4 deluxe edition v.1.1.641 hotfix (25621) [gog] (2003)	33943	20856	1.6274932873034138
mafia: definitive edition (2020) pc | лицензия	27042	40144	1.4845055839065158
paranoid (2023)	12036	19722	1.6385842472582253
one punch man a hero nobody knows	26839	37143	1.3839189239539476
dragon quest® xi s: echoes of an elusive age™ - definitive edition [папка игры] (2020) pc | лицензия	49672	26555	1.8705328563359067
blood and zombies (2022)	25491	23374	1.0905707196029777
daymare: 1998 (2019)  repack от	70901	49519	1.4317938569034108
visage [gog] (2020) pc | лицензия	87995	38249	2.300583021778347
neighbours back from hell v1.2 [gog] (2020)	11050	32183	2.9124886877828056
prodeus (2022)	36388	23864	1.5248072410325175
praetorians - hd remaster (2003-2020) pc | лицензия	62835	31631	1.9865005848692738
far cry 2 [gog] (2008) pc | лицензия	98855	33273	2.971027559883389
victory at sea pacific (2018)	32140	22074	1.4560115973543535
metal: hellsinger (2022)	61415	36354	1.6893601804478187
the hong kong massacre (2019) repack от xatab	66289	55916	1.1855104084698476
deep rock galactic	30760	50365	1.6373537061118335
peglin v.0.9.59 [gog] (early access)	46591	20324	2.292412910844322
wanted: dead (2023)	31453	29339	1.0720542622447937
warhammer 40 000: mechanicus - omnissiah edition [v 1.3.7] (2018) pc | repack от xatab	98588	61448	1.604413487827106
superpower 3 v1.0b [gog] (2022)	13623	22299	1.6368641268443074
pro fishing simulator  (2018)  repack от xatab	37513	47027	1.2536187455015595
mark of the ninja: remastered [gog] (2012-2018) pc | лицензия	43168	33863	1.2747836872102294
transport fever  (build 18381) (rus|eng) repack от xatab	48128	57410	1.192860704787234
industria (2021)	52488	35443	1.480913015263945
scrap mechanic (early access) pc | лицензия	91615	37704	2.429848291958413
soldier of fortune platinum edition v1.07f hotfix [gog] (2001)	9916	15156	1.5284388866478418
punk wars v.1.1.0 (52328) [gog] (2021)	24223	26780	1.1055608306155307
смерть шпионам: момент истины (death to spies: moment of truth) (2009) pc | лицензия	56836	44398	1.2801477544033515
night call v.1.0.7 [plaza] (2019) pc | лицензия	39992	26449	1.5120420431774357
operencia: the stolen sun - explorer's edition	49005	45448	1.0782652701989086
injustice 2 - legendary edition [папка игры] (2017)	42105	28400	1.4825704225352112
shadowgrounds v.1.05 (22186) [gog] (2005)	15107	21398	1.4164294697822202
lumencraft v9027 [gog] (2023)	27389	21229	1.2901691082952564
tchia (2023)	14898	27135	1.8213854208618607
resident evil 4 hd project (2005-2022) pc | лицензия	64802	32545	1.9911507143954525
rfactor 2 (2013) pc | лицензия	20130	31930	1.5861897665176354
inked (2018) pc | лицензия	17864	30736	1.7205553067622033
space rangers [+ space rangers: quest] pc (2002) repack от decepticon	16085	30922	1.9224121852657756
five nights at freddy's: security breach (2021) pc | лицензия	46964	43529	1.0789129086356222
the matrix: path of neo v.1.2 [l] (2005) (2019) pc | лицензия	45546	44673	1.0195420052380633
scarf [gog] (2021)	11188	18896	1.6889524490525563
remoteness [portable] (2022) pc | лицензия	17978	30775	1.7118144398709534
lightyear frontier v.0.2.687 [папка игры] (early access)	41090	33185	1.2382100346542113
brothers: a tale of two sons v.gog-2 (6538) [gog] (2013)	15746	20061	1.274037850882764
breathedge	55938	43937	1.273141088376539
game dev studio (2018) pc | лицензия	42489	29117	1.4592506096095064
sherlock holmes chapter one deluxe edition [gog] (2021)	49613	18799	2.6391297409436674
vampire's fall: origins v.1.5.45 [codex] (2019)	85841	36766	2.334793015285862
need for speed: hot pursuit 2 pc (2002) repack от decepticon	19856	31235	1.5730761482675262
zombie night terror v.1.3.13 (2016) pc | лицензия	42396	34304	1.2358908582089552
kao the kangaroo (2022)	17071	18234	1.068127233319665
souldiers (2022)	19992	17862	1.1192475646624118
myst [gog] (2021)	36651	25018	1.4649852106483332
underworld ascendant (2018) pc | repack от xatab	83444	59161	1.410456212707696
tales of arise [папка игры] (2021)	72038	36518	1.972671011555945
edge of sanity v.1.1.1 [папка игры] (2024)	25116	36556	1.455486542443064
serious sam 3: bfe (2011) pc | repack от xatab	76382	69518	1.0987370177507985
the forgotten city (2021)	39916	33723	1.1836432108649884
blades of time: limited edition [gog] (2012) pc | лицензия	64763	31965	2.026059752854685
decay: the mare (2015) pc | repack от xatab	40289	31348	1.2852175577389306
freeman: guerrilla warfare (2018) repack от xatab	64978	54715	1.1875719638124829
легенды эйзенвальда / legends of eisenwald [update 10 + 1 dlc] (2015) pc | repack от xatab	59894	36978	1.6197198334144627
the walking dead: destinies v.1.2.0.6 [папка игры] (2023)	28769	28420	1.0122800844475721
descenders (2019)  repack от xatab	39026	39555	1.0135550658535335
neon white (2022)	18411	20777	1.1285101298136984
suzerain presidential edition v1.1.8 [gog] (2020)	12243	22701	1.8542024013722127
oddworld: soulstorm [portable] (2021)	71788	23270	3.0850021486892993
corsairs legacy - pirate action rpg & sea battles	17446	31011	1.7775421300011465
tormentum: dark sorrow [gog] (2015) pc | лицензия	26427	22992	1.1493997912317329
metal gear solid 2: sons of liberty - master collection version v.2.0.0 [папка игры] (2023)	56820	29985	1.8949474737368683
the alien cube [папка игры] (2021)	27318	27426	1.0039534372940917
homeworld 3 [v 1.22-cl363716 + dlcs] (2024) repack от decepticon	18283	23484	1.2844719137997047
parkitect v.1.10c [gog] (2018)	72361	32114	2.253254032509186
yakuza 0 v1.015a [gog] (2018)	11590	15674	1.3523727351164798
transport fever 2 [gog] (2019) pc | лицензия	63680	37682	1.6899315322965873
ultimate fishing simulator [v 2.20.9:500+dlc] (2017) pc | repack от xatab	71274	35038	2.034191449283635
south park: stick of truth  (2014) pc | repack от xatab	95630	65874	1.4517108419103135
kingdom of the dead v.1.21 [архив] (2021)	59852	22527	2.656900608159098
dishonored: death of the outsider [gog] (2017) pc | лицензия	34192	36888	1.07884885353299
scorn (2022)	34218	24164	1.4160734977652707
heaven dust (2020) pc | лицензия	16582	33325	2.0097093233626824
before we leave	81070	34953	2.3194003375962007
planet alpha (2018) pc | лицензия	60174	31501	1.9102250722199294
nioh 2 - the complete edition [portable] (2021)	56814	27639	2.0555736459350915
styx: master of shadows v1.02 [gog] (2014)	15943	32580	2.043530075895377
bastion (2011) pc | лицензия	15652	18426	1.1772297469971889
carmageddon: max damage [update 3 + 1 dlc] (2016) pc | repack от xatab	46889	44089	1.0635079044659665
europa (15/10/2024) [папка игры] (2024)	77859	32482	2.396989101656302
astalon: tears of the earth v1.0.14 (47877) [gog] (2021)	9115	25516	2.7993417443774
tom clancy's rainbow six v.001.04 (19237) [gog] (1998)	16972	13431	1.2636438090983546
panzer corps gold edition v.1.30 (20676) [gog] (2010)	33457	24254	1.3794425661746517
train sim world 2 [portable] (2020) pc | лицензия	49683	36617	1.3568287953682716
wasteland remastered [gog] (2019) pc | лицензия	75196	31450	2.3909697933227343
valkyrie elysium [папка игры] (2022)	22239	34395	1.5466073114798327
tetris effect  (2019) repack от xatab	38908	43986	1.1305130050375245
lego marvel super heroes	67024	49211	1.3619719168478592
resident evil 5 gold edition [v 1.2.0 build 11465250] (2015) pc | repack от decepticon	25186	36217	1.4379814182482331
alien: isolation : digital deluxe edition (2014) pc | repack от xatab	97990	67305	1.455909664958027
train simulator 2014 (2013) рс | repack от xatab	54144	49574	1.0921854197764957
overpass™ [codex] (2020) pc | лицензия	47238	39646	1.1914947283458608
strange brigade (2018) pc | repack от xatab	66590	59519	1.118802399233858
dirt rally [v 1.23] (2015) pc | repack от xatab	88873	54275	1.6374573929064946
endzone 2 v.0.8.9006.19822 [папка игры] (early access)	88620	33588	2.638442300821722
king's bounty: crossworlds goty / king's bounty: перекрестки миров v1.3.1 [gog] (2009)	18566	25886	1.3942690940428741
grid 2 (2013) pc | repack от xatab	77691	41637	1.8659125297211614
farming simulator 15: gold edition [v 1.4.1 + dlc's] (2014) pc | repack от xatab	28761	39453	1.3717534160842808
rad rodgers radical edition v.1.5.2 (27873) [gog] (2018)	10584	21811	2.0607520786092213
drake hollow	23019	34227	1.4869021243320735
in sound mind - deluxe edition [gog] (2021)	35020	20048	1.7468076616121309
undermine (2020) pc | лицензия	50191	28813	1.7419567556311388
resident evil 5 - gold edition (2009) pc | лицензия	33456	43286	1.2938187470109994
survival & horror: hangman's rope	19530	31587	1.617357910906298
ghost of a tale {v 7.91} (seithcg) (rus/eng/multi6) [repack] by xatab	46185	53534	1.1591209267078055
gears of war v.1.0.3340.131 [1с] (2007) pc | лицензия	57328	50496	1.135297845373891
dragon age: origins - ultimate edition (2009) pc | лицензия	71717	32313	2.2194472812799804
the ball (2010) pc | лицензия	21963	45309	2.0629695396803713
a quiet place: the road ahead v.1.0.0 build 45412.11492 [папка игры] (2024)	51583	42891	1.2026532372758854
desperados iii	98096	52072	1.8838531264403133
teenage mutant ninja turtles the cowabunga collection (2022)	29620	30625	1.0339297771775826
homeseek (2023)	42290	25271	1.6734596968857585
deus ex goty edition v.1.112fm (revision 1.6.1.0) (45326) [gog] (2000)	31806	27991	1.1362938087242327
marz tactical base defense [v20190502] (2019)  repack от xatab	28324	37742	1.3325095325518994
webbed v.1.04b (51339) [gog] (2021)	11635	18799	1.6157284056725398
deus ex: mankind divided digital deluxe edition	70544	50994	1.3833784366788249
jade empire special edition	50193	47649	1.0533904174274382
company of heroes 3 (2023)	27308	28400	1.0399882818221766
60 seconds! reatomized [steam] (2015-2019)	14902	32448	2.177425848879345
the elder scrolls v: skyrim vr	53169	62867	1.1823995185164287
gish (2004) pc | лицензия	18241	30230	1.6572556329148622
scythe digital edition [gog]	35656	22995	1.5505979560774081
atom rpg - dilogy (2020-2021) pc | repack от decepticon	16728	33411	1.997309899569584
night in the woods weird autumn edition [gog] (2017)	16405	27401	1.6702834501676318
apsulov. end of gods v.1.1.7 [gog] (2019) pc | лицензия	94419	27761	3.4011382875256655
warhammer 40000: dawn of war – dark crusade	63224	69515	1.099503353157029
final fantasy v [папка игры] (1992-2021)	9331	28974	3.1051334262136963
dark envoy v.1.5.1.73535 [gog] (2023)	72077	23662	3.0461076832051392
lords of the fallen game of the year edition v1.0.0 [gog] (2014)	28013	28107	1.0033555849070075
halo 4 [p] (2012-2020) pc | лицензия	83146	39871	2.0853753354568485
tales from the borderlands: episode 1-4 (2014) pc | repack от xatab	36119	51068	1.4138818904177857
bloodstained: ritual of the night	86322	51127	1.6883838285054864
the medium	94543	49474	1.9109633342765897
dreamfall chapters: books 1-5 (2014) pc | repack от xatab	41963	55548	1.3237375783428258
the room 4: old sins [codex] (2021) pc | лицензия	50543	29428	1.7175139323093653
the dungeon of naheulbeuk: the amulet of chaos	40926	44996	1.0994477838049161
unravel two (2018) pc | repack by xatab	55738	56973	1.0221572356381643
f1 2016 (2017) pc | repack от xatab	31302	52549	1.6787745192000512
pandemic train (2023)	24373	22254	1.0952188370629998
moviehouse – the film studio tycoon (2023)	12501	28299	2.263738900887929
pathologic 2 (v.1.5.29823) (2019) pc | repack от xatab	69788	55476	1.257985435143125
gylt (2023)	19978	18230	1.0958859023587493
nier replicant ver.1.22474487139... [build 7396468 + dlc] (2021) pc | repack от decepticon	26407	40397	1.5297837694550687
youtubers life (2017) pc | лицензия	46536	35409	1.3142421418283488
need for speed: the run limited edition pc (2011) repack от decepticon	18872	30117	1.5958562950402713
call of the sea deluxe edition [gog] (2020)	29137	29884	1.0256375055771012
left alive v.1.0 [папка игры] (2019) pc | лицензия	32693	36940	1.129905484354449
disney classic games: aladdin and the lion king [gog] (2019) pc | лицензия	46247	25431	1.8185285674963627
othercide	61586	41615	1.4798990748528176
subnautica (2014-2018) pc | лицензия	56905	36043	1.5788086452293095
lost planet 3: complete edition (2013) рс | repack от xatab	84721	58279	1.453714030782958
knights of honor ii: sovereign [gog] (2022) pc | лицензия	94018	25158	3.737101518403689
protocol [darksiders] (2018) pc | лицензия	32526	44078	1.3551620242267723
strayed lights (2023)	13584	21917	1.6134422850412249
twelve minutes [папка игры] (2021)	26093	20200	1.2917326732673267
core keeper v.1.0.0.14 [папка игры] (2024)	53684	34068	1.575789597276036
encodya save the world edition v. 1.1 [gog] (2021)	21586	27978	1.2961178541647365
south park: the fractured but whole - gold edition (rus/eng) [repack] by xatab	80220	50795	1.5792893001279653
mark of the ninja: remastered (2018) pc | лицензия	49042	44047	1.1134015937521284
relicta [gog] (2020) pc | лицензия	20039	29328	1.4635460851339888
portal knights  (2017) pc | repack от xatab	35338	48056	1.3598958628105722
heroes of might and magic 4 complete	38433	63001	1.6392423177998074
the last case of benedict fox (2023)	25593	29218	1.141640292267417
layers of fear v.1.6.1 [папка игры] (2023)	49926	19722	2.531487678734408
fernbus simulator [v 1.14.12800 + 2 dlc] (2016) pc | repack by xatab	81771	54753	1.49345241356638
cry of fear (2013)	18169	20401	1.1228466068578349
bum simulator (2023)	29437	34803	1.1822875972415667
age of civilizations ii v1.01451 ela [gog] (2018)	19155	26026	1.3587052988775776
hot wheels unleashed (2021) pc | лицензия	41581	28769	1.4453404706454864
styx: shards of darkness [v 1.05] (2017) pc | repack от xatab	56290	57466	1.0208918102682536
deck of ashes (2019) early access repack от xatab	22335	35329	1.58177747929259
ratten reich v.rr-0.1.5 [папка игры] (early access)	80170	31010	2.585295066107707
star wars jedi: survivor (patch 9) [папка игры] (2023)	86079	30837	2.7914193987741998
among the sleep - enhanced edition (v.3.0.1) (2014) pc | repack от xatab	33278	52810	1.5869343109561873
stardiver [папка игры] (2024)	37909	28849	1.3140490138306353
runner3 (2018) pc | лицензия	18383	21562	1.1729315128107491
a plague tale: requiem (2022)	59269	20900	2.8358373205741625
starsand v.1.0.9 [архив] (2022)	37213	31421	1.1843353171445847
south park: snow day! (2024)	18227	32705	1.7943161244307895
far: lone sails [gog] (2018) | лицензия	9673	29557	3.0556187325545334
gone rogue (2023)	40541	22379	1.8115644130658206
blitzkrieg 2 anthology / антология блицкриг 2 [gog] (2013) pc | лицензия	24621	20682	1.1904554685233537
roboquest [gog] pc | лицензия	25148	25043	1.0041927884039452
saints row: the third - remastered [egs-rip] (2011-2020) pc | лицензия	27315	46370	1.6976020501555922
ghostbusters: the video game remastered [hoodlum] (2019) pc | лицензия	52973	30133	1.757972986426841
gas guzzlers extreme: gold pack [v 1.8.0 + 2 dlc] (2013) pc | repack от xatab	43756	40078	1.0917710464594041
supreme ruler 2020 gold edition v2.0.0.1 [gog] (2008)	12679	15488	1.2215474406498936
farmer's dynasty (2019) pc | repack от	64601	40725	1.5862737875997543
cities xxl [v 1.3] (2015) pc | repack от xatab	33503	41104	1.226875205205504
desperados iii [gog] (2015) pc | лицензия	83040	23890	3.475931352030138
shadow warrior [gog] (2013) pc | лицензия	61994	25495	2.4316140419690133
one piece: pirate warriors 4	55921	42753	1.3080017776530302
hyperviolent v.0.8.8.1 [папка игры] (early access)	25011	38073	1.5222502099076407
infernal: hell's vengeance [l] (2007) pc | лицензия	45303	60219	1.3292497185616847
dragon ball fighterz  (v1.14) (2018)  repack от xatab	33407	37482	1.1219804232645854
lunacy: saint rhodes (2023)	13937	20063	1.4395494008753678
timeshift (2007) pc | repack by xatab	67974	69518	1.022714567334569
stronghold crusader 2 [update 20 + dlcs] (2014) pc | repack от xatab	68057	74623	1.0964779523046857
spyro™ reignited trilogy (2019)  repack от	79657	47894	1.663193719463816
kane and lynch: dead men (2007) pc | лицензия	19396	31101	1.6034749432872757
ancestors legacy [gog] (2018) pc | лицензия	65026	21778	2.985857287170539
catherine classic (2019)  repack от	47039	51394	1.0925827504836412
armored brigade [gog] (2018)	11787	18483	1.5680834818019853
inmost [gog] (2020) pc | лицензия	32908	32689	1.0066995013613143
ghostbusters: the video game [l] (2009) pc | лицензия	23835	30390	1.275015733165513
mortal shell [v 1.09227]	95241	57815	1.6473406555392198
risen 3: titan lords - enhanced edition (2015) pc | repack от xatab	80489	64817	1.241788419704707
sins of a solar empire - rebellion [v 1.95 + 4 dlc]	44767	50461	1.1271919047512677
atelier sophie 2: the alchemist of the mysterious dream (2022) | лицензия	10506	31918	3.038073481819912
street power football	28994	43366	1.4956887631923845
the sinking city - deluxe edition [darksiders] (2020) pc | лицензия	50138	42625	1.1762580645161291
disciples 2 gold v.2.01 (30373) / 3.01 (30373) [gog] (2005)	47226	17878	2.6415706454860723
jet kave adventure [gog] (2021) pc | лицензия	42365	14685	2.884916581545795
to the moon (2011) pc | лицензия	45842	24893	1.8415618848672317
hellboy web of wyrd (2023)	11929	21518	1.803839383016179
builders of greece v.0.6.1 [папка игры] (early access)	19888	33085	1.6635659694288012
drox operative 2 [gog] (eng) от r.g. gogfan	12530	20034	1.5988826815642458
the axis unseen v.1.03 [папка игры] (2024)	17397	31381	1.8038167500143703
dark [v1.1.19.29571+dlc] (2013) pc | repack by xatab	93024	64522	1.4417408015870556
the banner saga 3: legendary edition [v 2.61.04 + dlcs] (2018) pc | repack от xatab	40918	58645	1.4332323182951268
street fighter v: arcade edition [v 4.070 + dlc] (2016) pc | repack от xatab	74236	52208	1.4219276739197058
postal 4: no regerts [gog]	60368	27276	2.213227746003813
thief simulator 2 v.1.27c [папка игры] (2023)	38943	20574	1.8928258967629046
layers of fear (2016) pc | лицензия	40795	36995	1.1027165833220705
ziggurat [gog] (2014)	12890	23969	1.8595034910783552
psychonauts 2 [steam] (2021) | лицензия	13579	26655	1.962957507916636
parkitect [v 1.3] (2018) pc | repack от xatab	16528	44419	2.6875
redeemer (2017) pc | repack by xatab	42576	49333	1.1587044344231492
signalis v.1.2.1 [папка игры] (2022)	41088	20777	1.9775713529383452
metal gear solid - master collection version v.1.3.0 [папка игры] (2023)	33738	29915	1.12779542035768
the surge [gog] (2017) pc | лицензия	31933	26335	1.2125688247579267
inversion v.1.0.1.0 [1с-софтклаб] (2012) pc | лицензия	35816	44522	1.2430757203484477
transference (2018) pc | repack by xatab	15873	41781	2.632205632205632
arcania v2.0.0.2 [gog] (2010)	12487	17004	1.36173620565388
gord v.1.5.0.42146 [папка игры] (2023)	51379	24034	2.1377631688441374
football manager 2023 v.23.2 [папка игры] (2022)	32305	22293	1.4491095859686898
aliens vs. predator (2010) pc | repack от xatab	93461	61267	1.5254704816622324
shadows: heretic kingdoms - book one. devourer of souls [v 1.0.0.8178] (2014) pc | repack от xatab	48962	60967	1.2451901474612965
scars above (2023)	65872	21852	3.0144609189090246
battlestar galactica deadlock (2017) pc | лицензия	98877	41292	2.3945800639349026
stranglehold [gog] (2007) pc | лицензия	22337	21474	1.0401881344882182
crossfire: legion	22686	28247	1.245129154544653
nobody wants to die [v 1.0.1.0.46.065] (2024) repack от decepticon	49452	28696	1.7233063841650405
shame legacy (2023)	11145	23588	2.1164647824136384
homeworld 3 v.1.22 [папка игры] (2024)	19828	29462	1.4858785555779706
iris.fall (2018) pc | лицензия	37004	37976	1.0262674305480488
wrc 7 fia world rally championship (2017) pc | repack от xatab	52992	55027	1.0384020229468598
neversong [gog] (2020) pc | лицензия	17015	31554	1.854481339994123
sam & max save the world [gog] (2006-2020) pc | лицензия	28209	35714	1.2660498422489277
cloudpunk  [папка игры] (2020) pc | лицензия	61674	21113	2.92113863496424
clash: artifacts of chaos (2023)	29344	22603	1.2982347475998761
sword coast legends [update 8] (2015) pc | repack от xatab	38588	40650	1.0534363014408625
fallout 2 v.1.02 (2.1.0.18) [gog] (1998)	73832	27991	2.6377049765996214
tom clancy's splinter cell v2.0.0.12 [gog] (2003)	24050	18872	1.2743747350572276
desolate [v 1.3] (2018) pc | repack от xatab	90552	58774	1.5406812536155443
shadow of the tomb raider [v 1.0.492.0 + all dlcs] (2018) repack от decepticon	23256	44799	1.926341589267286
yakuza kiwami (update 3) (2019)  repack от xatab	70601	53934	1.3090258464048652
copycat v.1.0.1 [папка игры] (2024)	52892	30965	1.7081220733085742
life is strange 2 complete season (2018)	56117	38239	1.4675331467873114
biker garage: mechanic simulator ( build 20200813+dlc)	58280	35213	1.65507057052793
the library of babel (2023)	12466	17888	1.4349430450826248
conan exiles (2018) repack от xatab	94460	65174	1.449350968177494
aragami 2 [gog] (2021)	54747	23164	2.3634519081333103
subverse (ранний доступ) [gog] (2018)	85027	15564	5.463055769725006
the uncertain: last quiet day [gog] (2016) pc | лицензия	40002	37612	1.0635435499308732
arcanum: of steamworks and magick obscura [gog] (2001) pc | лицензия	48764	31857	1.530715384373921
turok (2008) pc | rip от xatab	77210	61267	1.260221652765763
islanders (2019) pc | лицензия	58080	30917	1.8785781285376977
gun v.2.0.0.3 [gog] (2005)	19578	14006	1.3978295016421534
the blackout club (2019) pc | repack от xatab	25756	46215	1.7943391831029663
blind fate: edo no yami v1.0.1 [gog] (2022)	13021	15429	1.1849320328699793
immortals: fenyx rising [uplay-rip] (2021) pc | лицензия	86486	30476	2.837839611497572
sid meier's civilization: beyond earth rising tide [v 1.1.2.4035 + 2 dlc] (2014) pc | repack от xatab	95575	77068	1.2401385789173198
driver: san francisco (ubisoft entertainment ) (rus/eng) [repack]  by xatab	79876	59973	1.331866006369533
space rangers 2: reboot / космические рейнджеры 2: доминаторы. перезагрузка v2.0 [gog] (2006)	23172	18853	1.2290882087731396
the house of the dead: remake (2022)	20698	23562	1.1383708570876414
firewatch [update 8] (2016) pc | repack от xatab	50645	50897	1.004975812024879
asterix & obelix xxl 2 v.xxl 2 v0.43 (25529) [gog] (2018)	11763	31552	2.6823089347955453
katana zero (2019) pc | лицензия	73705	38409	1.9189512874586685
firewatch [gog] (2016) pc | лицензия	12640	16606	1.3137658227848101
hitman: blood money v.1.2 (27639) [gog] (2006)	44274	18547	2.3871246023615678
rune ii [codex] (2019) pc | лицензия	22065	42526	1.927305687740766
automation empire v.20191127 [codex] (2019)	47605	38142	1.2480992082219076
crash bandicoot 4: it’s about time v 1.0.03202023 [portable] (2021)	52544	35753	1.4696389114200208
spongebob squarepants: the cosmic shake (2023)	33016	23948	1.3786537497912144
ghostware: arena of the dead v.1.1.0 [архив] (2024)	67818	39759	1.7057270052063684
journey to the savage planet [gog] (2020) pc | лицензия	33899	29899	1.1337837385865748
charon's staircase (2022)	15417	18567	1.2043199065966141
superhot (2016) pc | лицензия	82576	27414	3.0121835558473773
don't starve alone pack v.429404 (41435) [gog] (2013)	19497	20423	1.0474944863312305
surviving mars: first colony edition [gog] (2018) pc | лицензия	57432	29872	1.9226031065881093
arx fatalis v.1.21 [gog] (2002) pc | лицензия	50097	36426	1.3753088453302587
art of rally deluxe edition [gog] (2020)	19889	34786	1.7490069887877722
afterfall: insanity - extended edition (2011-2013) | лицензия	21357	32818	1.5366390410638198
iron heart (2019) pc | лицензия	27139	35273	1.2997162754707248
selene's unbearable night [v 1.0] (2024) repack от decepticon	53851	29788	1.8078085134953672
icewind dale: enhanced edition (2014) pc | лицензия	78709	31656	2.4863848875410666
construction simulator 2015 (2014) pc | repack от xatab	37442	42699	1.1404038245820203
dusk [gog] (2018) pc | лицензия	73813	30334	2.4333421243489153
entropy: zero [portable] (2017)	17457	38477	2.2041015065589735
star wars empire at war gold pack v1.05 [gog] (2006)	24573	16183	1.5184452820861398
team sonic racing	28904	39555	1.368495709936341
high on life (01/11/2023) [папка игры] (2022)	79864	36354	2.196842163173241
diablo ii: resurrected [v 1.6.77312] (2021) repack от decepticon	15812	33776	2.136099165190994
per aspera [gog] (2018) pc | лицензия	50536	29999	1.6845894863162105
dead space v.1.0.0.222 (2.0.0.2) [gog] (2008)	36744	32506	1.1303759305974281
broken lines	64532	36435	1.7711541100590091
song of farca [gog] (2021)	37773	22116	1.7079489962018448
best month ever! (2022)	10510	19393	1.8451950523311131
mafia iii: definitive edition (2016-2020) pc | лицензия	30442	34885	1.1459496747914066
sumerian six v.1.0.0 [папка игры] (2024)	20016	32879	1.6426358912869705
balatro v.1.0.1g [архив] (2024)	17639	32109	1.8203412891887296
blue fire [gog] (2021) pc | лицензия	20376	18896	1.0783234546994074
cartel tycoon supporter bundle [gog] (2021)	42659	28603	1.4914169842324232
the dungeon of naheulbeuk: the amulet of chaos v.1.5 569 47857 [gog] (2020)	72434	36740	1.9715296679368535
the elder scrolls iii: morrowind game of the year edition v.1.6.1820 (2.0.0.7) [gog] (2002)	62628	27991	2.2374334607552426
nba 2k20 [v 1.07] (2019) repack от xatab	71331	46506	1.5338020900528964
neverwinter nights: enhanced edition digital deluxe edition	90876	75575	1.2024611313264968
anno 2205 [v 1.8.3741.13270 + dlcs] (2015) repack от decepticon	35757	23690	1.5093710426340228
portal stories: mel (2015) pc | repack от xatab	29162	34081	1.1686784171181674
empire of sin - premium edition [папка игры] (2020)	66322	31419	2.1108883159871414
sunset overdrive (2018) pc | repack от xatab	72256	71405	1.011917932917863
little misfortune [gog] (2019) pc | лицензия	28404	38371	1.3509012815096466
asterigos: curse of the stars v.01.09.0000 [папка игры] (2022)	76964	26093	2.9496033418924616
wargroove (2019) pc | лицензия	33334	38824	1.1646967060658786
vampire: the masquerade coteries of new york deluxe edition v1.0.12 [gog] (2019)	20239	35946	1.7760758930777212
endless legend [portable] (2014) pc | лицензия	34057	31024	1.0977630221763797
citystate (2018) pc | лицензия	33920	33642	1.0082634801735926
life is strange: before the storm - remastered (2017-2022) | лицензия	30399	22471	1.352810288816697
trackmania united forever [бука] (2008) pc | лицензия	19905	27793	1.3962823411203216
chernobylite complete edition [v 49522.s04_black_smoke + dlcs] (2021) repack от decepticon	66451	36391	1.826028413618752
earth defense force 5  (2019) repack от xatab	36513	53173	1.4562758469586174
elex ii (2022)	62907	27222	2.310888252148997
final fantasy xii the zodiac age (square enix) (eng/jap/multi) [repack] by xatab	78479	51676	1.5186740459787909
star wars: jedi knight - jedi academy v.1.01a (10331) [gog] (2003)	35837	15506	2.311169869727847
the crust v.0.92.81 [папка игры] (early access)	75011	30117	2.4906531195006143
pizza tower v.1.1.271 [папка игры] (2023)	13444	16358	1.2167509669741148
ghost song (2022)	26439	23039	1.147575849646252
home sweet home (2017) pc | repack от xatab	45324	52697	1.162673197422999
system shock enhanced edition v1.2.16 [gog] (1994)	34711	13727	2.5286661324397173
the lord of the rings: the battle for middle-earth ii - dilogy pc | repack от decepticon	62184	34769	1.7884897466133625
halo wars definitive edition (2016) pc | repack от xatab	52559	45171	1.163556263974674
the eternal cylinder [папка игры] (2021)	31994	26577	1.2038228543477443
xcom: chimera squad	67929	41388	1.641272832705132
the walking dead: a new frontier - episode 1-5 (2016) pc | repack by xatab	97026	56893	1.705411913592182
they always run [gog] (2021)	39451	18855	2.092336250331477
secret government [gog] (2020)	40146	45954	1.144671947392019
age of empires ii - hd edition bundle (1999 -2013-2016)  repack от xatab	67218	63001	1.0669354454691196
metal gear & metal gear 2: solid snake v.2.0.0 [папка игры] (1987-1990-2023)	49536	29947	1.6541222826994357
thronebreaker: the witcher tales [gog] (2018)	30294	20763	1.459037711313394
il-2 sturmovik: cliffs of dover - blitz edition [codex] (2011-2020) pc | лицензия	57087	37707	1.5139629246558994
superliminal v.1.16 (46968) [gog] (2019)	26833	29362	1.094249618007677
crash bandicoot™ n. sane trilogy  (2018)  repack от xatab	80651	49375	1.6334379746835443
the bard's tale (2004)	26602	29180	1.0969100067664086
unreal tournament goty v.2.0.0.5 [gog] (2000)	16077	16763	1.0426696522983143
enter the matrix v.1.52 [l] (2003) pc | лицензия	35616	44374	1.2459007187780773
still life v.1.0 (22140) [gog] (2005)	17734	14185	1.2501938667606627
fallout: new vegas ultimate edition [gog] (2010)	76155	38319	1.987395286933375
mini metro [gog] (2015) pc | лицензия	33812	30763	1.099112570295485
ace combat 7: skies unknown - deluxe edition [папка игры] (2019)	41828	32357	1.2927032790431745
the walking dead: the telltale definitive series [папка игры (steam)] (2019)	37487	25390	1.4764474202441906
young souls (2022) | лицензия	11121	25406	2.2845067889578274
shadow complex remastered (2016) pc | лицензия	45366	35864	1.2649453490965872
victoria ii civil war edition v.2.31-2 (37622) [gog] (2010)	22518	17264	1.3043327154772937
cossacks anthology v2.1.0.13 [gog] (2003)	15397	16183	1.051048905630967
trine 4: the nightmare prince [gog] (2019) pc | лицензия	41207	29344	1.4042734460196293
collapse: a political simulator (2021) pc | лицензия	9730	31553	3.242857142857143
mechwarrior 5: mercenaries [gog] (2019)	83777	25803	3.2467930085648957
quake 4 [gog] (2005) pc | лицензия	34964	22392	1.5614505180421578
my museum: treasure hunter v.1.3.1b [папка игры] (2024)	85921	37346	2.300674771059819
re-volt v1.1 hotfix [gog] (1999)	9175	16233	1.7692643051771118
prince of persia [1.0 v2 (28572)] (2008) pc | repack by xatab	57336	61177	1.0669910701827823
tt isle of man: ride on the edge 3 (2023)	17213	24379	1.4163132516121537
the signifier director's cut deluxe edition v.1.101 (46691) [gog] (2020)	22485	35139	1.5627751834556372
not for broadcast v.2024.01.11b [gog] (2020)	43492	24993	1.740167246829112
fobia - st. dinfna hotel (2022)	24018	21963	1.0935664526704003
recore: definitive edition (2017) pc | repack by xatab	74647	68185	1.0947715773263915
watch dogs: legion (2020) pc | лицензия	95534	57651	1.657109156822952
dark sector (2009) pc | repack от xatab	51063	69745	1.3658617785872353
shadowrun: hong kong - extended edition	54213	53121	1.0205568419269215
сирия: русская буря / syrian warfare [v 1.3.0.19+dlc] (2017) pc | repack от xatab	81592	67461	1.2094691747824668
maid of sker bundle edition [gog] (2020)	33193	34080	1.026722501732293
the lord of the rings: war of the ring [v 1.1/1.01.0011] (2003) repack от decepticon	18597	35549	1.9115448728289508
fahrenheit. indigo prophecy - remastered [portable] (2015) pc | лицензия	21435	26585	1.2402612549568464
legend of grimrock 2 v2.2.4 [gog] (2014)	37849	25179	1.5031971087016958
bakery simulator (2022)	16759	20165	1.2032340831791872
orcs must die 3 [папка игры] (2021)	26800	31310	1.1682835820895523
song of horror v1.25 (54257) [gog] (2019)	18987	19355	1.019381682203613
star trucker [v 1.0.41.0] (2024) repack от decepticon	34881	21294	1.6380670611439843
days gone [v 1.07] (2021) pc | repack от decepticon	46804	43793	1.0687552805242848
faraday protocol [gog] (2021)	17561	21219	1.208302488468766
legacy of kain: soul reaver 2 v1.02 [gog] (2001)	9173	13484	1.469966205167339
warsaw (2019) pc | лицензия	44388	44162	1.0051175218513655
construction simulator 2 us - pocket edition (2018) pc | лицензия	70053	48023	1.4587385211252941
pharaoh + cleopatra v.2.1.0.15 [gog] (1999)	14796	17455	1.1797107326304406
beholder v.1.6.0.12741 (32340) [gog] (2016)	22609	24257	1.072891326462913
lifeless planet - premier edition [gog] (2014) pc | лицензия	17059	22981	1.3471481329503487
the renovator: origins v.1.02 [папка игры] (2024)	54006	41555	1.2996270003609673
electrician simulator (2022)	15878	22641	1.4259352563295125
nascar heat 5	30000	40823	1.3607666666666667
call of juarez v.1.1.1.0 (24945) [gog] (2006)	24940	21528	1.1584912671869194
batman: arkham origins [v 1.0 + dlcs] (2013) repack от decepticon	26262	36486	1.389307745030843
wildfire [gog] (2020) pc | лицензия	41566	37517	1.107924407601887
soma [1.510 (19928) ] (2015) pc | repack от xatab	80908	61162	1.3228475197017757
call of the wild: the angler v.1.7.5 [папка игры] (2022)	42963	14742	2.9143264143264145
an elder scrolls legend: battlespire v1.5 [gog] (1997)	15399	21861	1.4196376388077148
city game studio: a tycoon about game dev [gog] (2019)	10172	31696	3.1160047188360203
redout: space assault deluxe edition	33405	40895	1.2242179314473882
the escapists 2 (2017) pc | repack by xatab	57408	54314	1.0569650550502634
ash of gods: redemption digital deluxe edition v1.5.35 [gog] (2018)	18824	28205	1.4983531661708458
king's bounty: воин севера / king's bounty: warriors of the north - valhalla edition (2012) pc | repack от xatab	73130	63970	1.1431921213068625
eastshade (2019) pc | лицензия	49726	37716	1.3184324954926292
kerbal space program [gog] (2017)	43492	26551	1.6380550638394034
the smurfs - mission vileaf (2021) pc | лицензия	10254	23348	2.2769650867953968
cold fear v.1.0 [l] (2005) pc | лицензия	48109	31316	1.5362434538255205
trepang2 v.77.00 [gog] (2023)	49313	18655	2.643419994639507
dungeons 2 [update 7] (2015) pc | repack от xatab	42611	53476	1.2549811081645585
lego bricktales (2022)	26148	24506	1.067003999020648
master of magic remake v1.06.00 [gog] (2022)	19488	20324	1.0428981937602628
return to castle wolfenstein (2001) pc | лицензия	79870	39855	2.0040145527537323
tunic (steam) (2022) | лицензия	25386	17645	1.438707849249079
frozenheim v.1.4.2.3 [папка игры] (2022)	49390	30011	1.6457298990370197
subterrain [gog] (2016) pc | лицензия	56752	25689	2.209194596909183
call of duty + united offensive (2003-2004) pc | лицензия	94098	57774	1.628725724374286
realpolitiks ii - deluxe edition [gog] (2020)	43343	45954	1.0602404079090049
crysis 2 remastered [v 1.0.9461303] (2021) repack от decepticon	17877	33649	1.8822509369581026
60 parsecs! (2018) pc | лицензия	44695	22038	2.0280878482620928
firmament (2023)	16320	19937	1.2216299019607844
carmageddon max pack v2.0.0.63 [gog] (1997)	11543	13787	1.1944035346097202
chained echoes v1.05 [gog] (2022)	21157	24276	1.1474216571347544
redout 2 (2022)	9744	17817	1.8285098522167487
command and conquer 3.kanes wrath  (2008)  repack от xatab	71618	63001	1.136775606736401
life is strange: remastered (update 7) [архив] (2015-2022)	53333	24297	2.1950446557188132
spellforce: conquest of eo v.1.6 [gog] (2023)	85048	29653	2.868107779988534
still wakes the deep v.1.3 [папка игры] (2024)	79752	38892	2.050601666152422
do not feed the monkeys (2018) pc | лицензия	64119	42610	1.5047876085425957
despair: blood curse (2024)	26701	37011	1.386127860379761
slavania (2024)	20222	29748	1.471071110671546
need for speed: undercover pc (2008) repack от decepticon	24044	30117	1.2525786058892032
moons of madness (2019)  repack от	43212	47379	1.0964315467925576
spec ops: the line v1.0.689 hotfix [gog] (2012)	32323	26910	1.2011519881085098
mad max [gog] (2015) pc | лицензия	52430	31869	1.6451724246132606
black mirror (thq nordic) (rus/eng/multi8) [repack] by xatab	36391	49457	1.3590448187738726
tiny glade v.1.10.1 [папка игры] (2024)	36597	27316	1.339764240738029
lego star wars: the skywalker saga (2022)	66501	31277	2.1261949675480385
the tales of bayun (2023)	19167	17941	1.0683350983780169
distrust [gog] (2017) pc | лицензия	26400	20016	1.3189448441247003
quake enhanced [папка игры] (1996-2021)	77153	25351	3.043390793262593
efootball pes 2021	69342	36795	1.8845495311863025
valiant hearts: the great war (2014) pc | лицензия	57499	31910	1.8019116264493888
encased: a sci-fi post-apocalyptic rpg [gog] (2021)	61530	22589	2.7238921599008368
case: animatronics (2016) pc | repack от xatab	30019	48688	1.621906126120124
the swords of ditto (2018) pc | лицензия	23930	35986	1.5038027580442959
lovecraft's untold stories v.1.33g [gog] (2019) pc | лицензия	59507	42837	1.3891495669631393
hitman 2: silent assassin v.1.01 (21780) [gog] (2002)	27675	18547	1.4921550655092468
vendir: plague of lies (2024)	98084	29104	3.3701209455744916
fallout v.1.2 (27130) [gog] (1997)	37572	27991	1.3422885927619592
evil bank manager (2018) pc | лицензия	51011	28909	1.7645369953993566
agatha christie - murder on the orient express (2023)	18491	23270	1.2584500567843815
eternal threads (2022)	12182	20266	1.6636020357905106
pathfinder: kingmaker. enhanced edition (2018) pc | лицензия	46607	33537	1.3897188180218862
wreckfest [gog] (2018)	66895	41738	1.6027361157698021
china: mao's legacy (2019) pc | лицензия	49823	30917	1.6115082317171783
project nightmares case 36: henrietta kedward [portable] (2021) pc | лицензия	23194	30285	1.3057256186944899
torchlight iii	74331	56529	1.3149180066868333
banners of ruin supporter bundle [gog] (2020) pc | лицензия	60383	26788	2.254106316261012
trollhunters: defenders of arcadia	17297	34227	1.978782447823322
jump force [portable] (2019) pc | лицензия	28569	28350	1.0077248677248678
warcraft ii battle.net edition (1999) pc | лицензия	56136	17627	3.184659896749305
the first templar. steam special edition v.1.00.595 [prophet] (2011) pc | лицензия	46593	33021	1.4110111747070047
lust academy season 1 v0.7.1f.002 [gog] (2022)	25959	29452	1.1345583420008476
gray dawn  (2018) pc | repack от	26704	41320	1.5473337327741163
wall of insanity (2021) pc | лицензия	29634	38136	1.286900182223122
miasma chronicles (2023)	54301	22812	2.380369980711906
inscryption [gog] (2021)	26639	22282	1.1955390000897586
ostalgie: the berlin wall (2018) pc | лицензия	53090	34076	1.5579880267637047
agents of mayhem (2017) pc | repack by xatab	64805	47696	1.358709325729621
espresso tycoon (2023)	13240	28299	2.1373867069486403
hunting simulator 2 - bear hunter edition	47706	41700	1.1440287769784172
tales of kenzera: zau v.1.3.1.43002 [папка игры] (2024)	73095	32705	2.2349793609539828
planet of lana (2023)	16615	17947	1.0801685224195003
two point hospital [папка игры] (2018)	22785	36457	1.6000438885231512
twin mirror [portable] (2020) лицензия	34960	32086	1.0895717758523966
call of cthulhu [update 2]  (2018) pc | repack от xatab	83589	56975	1.4671171566476524
below (2018) pc | лицензия	33819	27182	1.2441689353248473
mechwarrior 5: clans v.1.0.69 [папка игры] (2024)	30204	31381	1.0389683485631043
the entropy centre (2022)	27597	35926	1.3018081675544444
shaq fu: a legend reborn (2018) pc | лицензия	28457	36133	1.269740309941315
tell me why	42733	36376	1.1747580822520343
dragon quest xi: echoes of an elusive age	47451	61216	1.2900887231038334
earthfall invasion (2018)  repack от xatab	38967	56998	1.462724869761593
a story about my uncle (2014) pc | лицензия	41224	23352	1.7653305926687222
wartile [gog] (2018) pc | лицензия	45875	24469	1.8748212023376518
my memory of us (2018) pc | repack by xatab	21262	38214	1.797290941585928
lucius iii  (1.181218205103.a)(2018)  repack от xatab	31386	45798	1.4591856241636398
total war: rome remastered [codex] (2021)	67032	25901	2.588008185012162
need for speed - антология / anthology pc (1996-2019) repack от decepticon	37612	28931	1.3000587604991185
i am alive (2012) pc | лицензия	82181	36600	2.2453825136612022
spellforce 3 reforced (2017-2021) pc | лицензия	23945	26238	1.0957611192315724
fahrenheit (indigo prophecy) v.1.0 (21469) [gog] (2005)	15351	14006	1.0960302727402542
evotinction [папка игры] (2024)	42102	38803	1.085019199546427
ultimate admiral: age of sail (2021)	19074	31518	1.6524064171122994
fifa 14 (2013) pc | repack от xatab	88520	56851	1.5570526463914443
hard west 2 (2022)	29770	21446	1.3881376480462557
lego: marvel's avengers (2016) pc | repack от xatab	79492	60407	1.3159402056053107
jusant (2023)	26976	21942	1.2294230243368882
observation [gog] (2019) pc | лицензия	34333	30066	1.1419211068981574
injustice: gods among us ultimate edition  [update 5] (multi/rus)[repack] by xatab	51515	36588	1.4079752924456106
journey to the savage planet (2020) repack от xatab	78770	40561	1.9420132639727818
sniper ghost warrior contracts 2 deluxe arsenal edition [v build 7315520 + dlcs] (2021) pc | repack от decepticon	25289	37019	1.4638380323460793
blitzkrieg anthology / антология блицкриг [gog] (2005) pc | лицензия	20270	18334	1.1055961601396314
front mission 1st: remake (2023)	23544	17875	1.317146853146853
sacred - антология / anthology (2004-2014) pc | repack от decepticon	23209	45759	1.9716058425610754
sea dogs: city of abandoned ships v.1.3 (2.0.0.8) [gog] (2009)	20946	21785	1.0400553805022439
maneater (2021)	15670	41941	2.676515634971283
park beyond v.4.0.0.179303 [папка игры] (2023)	56315	24500	2.2985714285714285
hidden & dangerous 2: sabre squadron (2003-2004) pc | лицензия	71112	49274	1.4431951942200756
haven [gog] (2020) pc | лицензия	83539	31450	2.656248012718601
space rangers hd: a war apart [v 2.1.2468 build 13617251] (2013) pc | repack от decepticon	31035	28902	1.0738011210296865
beyond a steel sky [1.1.26717]	45353	32697	1.3870691500749304
agatha christie hercule poirot: the first cases [gog] (2021)	23460	21876	1.0724081184860121
five nights at freddy's: into the pit v.1.0.4.5 [папка игры] (2024)	74710	34770	2.1486914006327296
yakuza 3 remastered [codex] (2009-2021) pc | лицензия	31790	39464	1.241396665618119
partisans 1941 [portable] (2020) pc | лицензия	35488	28832	1.2308546059933407
fights in tight spaces bundle v.1.1.6974 (52282) [gog] (2021)	23149	24741	1.0687718691952137
pathologic classic hd v1.0.3 [gog] (2015)	19218	22215	1.1559475491726507
cat quest iii v.1.1.1 [папка игры] (2024)	22644	31039	1.3707383854442678
fort triumph	29686	39220	1.3211614902647713
warcraft: orcs and humans (1994) pc | лицензия	41504	17183	2.415410580224641
darkest dungeon v.24839 (28859) [gog] (2016)	26339	21740	1.2115455381784728
connection: the nightmare within [папка игры] (2024)	20827	31450	1.510059057953618
black book [gog] (2021)	47735	19367	2.4647596426911758
wwe 2k19 (2k) [v1.03 + dlc] (2018)  repack от xatab	74153	49790	1.489315123518779
party hard 2 (2018) pc | лицензия	24143	30348	1.2570103135484405
trailmakers (2019)  repack от	19390	45284	2.3354306343476017
alien: isolation collection (2014)	15028	28318	1.8843492147990417
trine 3: the artifacts of power [gog] (2015) pc | лицензия	18857	25753	1.3656997401495465
grand theft auto: the trilogy - the definitive edition [v 1.17.37984884] (2021) repack от decepticon	93127	35658	2.611671995064221
space engineers [v 1.195.018] (2019) pc | repack от xatab	64390	50780	1.2680189050807404
lego worlds	45872	47412	1.033571677711894
super street: the game (2018) pc лицензия	56404	38230	1.4753858226523673
wildmender (2023)	10680	24695	2.3122659176029963
impaler (2022)	19944	23374	1.1719815483353389
deadlight director's cut v.gog-2(cs) [gog] (2016)	16094	14896	1.0804242749731472
sprawl (2023)	42812	25313	1.691304863113815
elder legacy (древние русы) (2024/07/31) [папка игры] (early access)	55729	41403	1.3460135738956114
my time at portia v.2.0.141715 [архив] (2019)	65376	33539	1.9492531083216553
remothered: broken porcelain	28808	45854	1.5917106359344626
crash bandicoot™ n. sane trilogy (2018 г) repack от xatab	57101	41326	1.3817209504912162
space hulk: tactics (2018) pc | repack от xatab	48087	50682	1.0539646890011853
rise of the tomb raider - 20 year celebration (2016) pc | лицензия	67993	35306	1.9258199739421062
emergency 2014 (2013) pc | repack от xatab	21387	45521	2.1284425118062376
halo wars 2: complete edition (2017) pc | repack	73437	57410	1.2791673924403415
tank mechanic simulator	34678	38398	1.1072726224119038
fia european truck racing championship  (2019) repack от xatab	57543	40304	1.4277242953552998
nightingale	95909	28410	3.37588877155931
lego dc super-villains deluxe edition  (2018) pc | repack  by xatab	54856	47420	1.1568114719527625
reptiles: in hunt (2021) pc | лицензия	27382	25995	1.0533564146951337
aliens: dark descent v.98246 [папка игры] (2023)	79696	19347	4.119294981134026
cyber hook [gog] (2020) pc | лицензия	11051	37368	3.3814134467469006
quake - квадрология / quadrology pc (1996-2005) repack от decepticon	10371	30251	2.916883617780349
remnant: from the ashes v. 270287 [portable] (2019)	52779	35373	1.49207022305148
sonic forces (sega) (rus|eng|multi) [repack] by xatab	44084	49826	1.1302513383540513
immortality [gog] (2022) pc | лицензия	8565	17156	2.003035610040864
killer is dead - nightmare edition (2014) pc | repack от xatab	38296	50019	1.306115521203259
the chant (2022)	42885	36661	1.169771691988762
intravenous 2 v.1.0 [папка игры] (2024)	48361	30668	1.5769205686709273
the guild 3 [gog] (2022)	40773	31937	1.2766696934589974
star control®: origins [ 1.32.61284] (2018)  repack от xatab	62305	55406	1.1245172003032162
thimbleweed park (2017) pc | лицензия	32276	31619	1.0207786457509724
prime mover (2018) pc | лицензия	15506	30589	1.9727202373274861
scarlet hood and the wicked wood deluxe edition v.1.0.1 (46285) [gog] (2021)	16391	19879	1.2127997071563663
the stillness of the wind (2019) pc | лицензия	36719	29582	1.2412615779866134
vampire: the masquerade — swansong (2022)	55822	20566	2.7142857142857144
syberia: the world before (2022)	35405	14991	2.3617503835634714
far cry 3: blood dragon v.1.02 [l] (2013) pc | лицензия	85588	32051	2.6703690992480733
krampus kills [portable] (2022) pc | лицензия	9896	23710	2.3959175424413903
crysis v1.1.1.6156 [gog] (2007)	48923	25023	1.9551212884146585
dolmen (2022)	44685	25159	1.7761039786954966
shadowrun hong kong extended edition deluxe [gog] (eng) от r.g. gogfan	24543	26222	1.0684105447581795
ultimate general: civil war [v1.09] (2017) pc | лицензия	64757	42477	1.5245191515408338
gary grigsby's war in the east v1.11.03 [gog] (2010)	9401	19263	2.049037336453569
furi [gog] (2016) pc | лицензия	37061	21464	1.7266585911293328
f.i.s.t.: forged in shadow torch (2021)	43979	32758	1.3425422797484583
deadly dozen reloaded [steam] (2001-2022) | лицензия	14041	32550	2.318210953635781
max payne 3 (2012) pc | лицензия	71363	50262	1.4198201424535435
force of nature 2: ghost keeper (2021) pc | лицензия	59305	31887	1.85984884122056
red faction: guerrilla - steam edition (2009) pc | repack от xatab	45044	71457	1.5863822040671343
minecraft legends v.1.17.44512 [папка игры] (2023)	39846	22089	1.8038842862963467
batora: lost haven (2022)	26803	20606	1.30073764922838
dread templar (2023)	21474	25313	1.1787743317500232
need for speed: shift 2 unleashed pc (2011) repack от decepticon	23371	31235	1.3364853878738607
far: lone sails [v 1.02] (2018) pc | repack  by xatab	37255	49785	1.336330693866595
atelier sophie: the alchemist of the mysterious book	30224	52519	1.7376588141874008
meridian: new world (2014) pc | repack от xatab	38704	45612	1.1784828441504753
anthology of fear (2023)	12640	21840	1.7278481012658229
expedition zero (2022) | лицензия	35083	23373	1.501005433619989
overlord ii (2009) pc | лицензия	69339	42023	1.6500249863170169
brothers: a tale of two sons remake [папка игры] (2024)	14879	27392	1.8409839370925465
need for speed: payback deluxe edition pc (2017) repack от decepticon	36580	30830	1.1865066493674992
octopath traveler  (2019)  repack от xatab	58434	50795	1.1503888177970272
lego the hobbit	33010	47813	1.4484398667070584
silent hunter 5: battle of the atlantic (2010) pc | repack от xatab	56511	54705	1.0330134357005758
the evil within v1.0 [gog] (2014)	22710	25945	1.1424482606781154
risen 2: dark waters gold edition v1.0 [gog] (2013)	19231	26634	1.384951380583433
death stranding - director's cut [v 1.001] (2022) pc | repack от decepticon	36532	33620	1.0866151100535395
galactic civilizations iii	82392	49255	1.6727641863770175
winter ember (2022)	33492	16533	2.0257666485211394
sacred 2 gold v. 2.65.1 (18565) [gog] (2009)	44715	24860	1.7986725663716814
corpse party: blood drive v0.95 [gog] (2019)	11864	18127	1.5278995279838166
nox v.gog-20 (2.0.0.20) [gog] (2000)	21630	27395	1.2665279704114656
anima flux v.1.0.7 [папка игры] (2024)	32210	34042	1.0568767463520645
construction simulator 2015: gold edition (2014) pc | repack от xatab	56092	38934	1.4406945086556737
the quarry (2022)	50318	26761	1.8802735323792086
stasis: bone totem (2023)	27296	17716	1.5407541205689772
postal 4: no regerts	64537	56950	1.1332221246707639
aliens: dark descent [build 98246 + dlc] (2023) pc | repack от decepticon	17928	26950	1.503235162873717
doom [build 13954591 + dlcs] (2016)  lossy repack от decepticon	34750	33159	1.0479809403178624
7th sector (2019) pc | лицензия	70378	33669	2.090290771926698
the land of the magnates [папка игры] (2024)	40225	30548	1.316780149273275
swords & souls: neverseen v.1.15 [gog] (2019) pc | лицензия	69413	42837	1.6203982538459742
hrot (2023)	14353	25708	1.791123806869644
the oregon trail v.1.0.31.23 [gog] (2022)	59519	20326	2.92822001377546
underworld: ascendant [steam] (2018) | лицензия	17361	30392	1.7505904037785842
finding paradise (2017) pc | лицензия	18367	25932	1.4118800021778188
we happy few: we all fall down (v 1.9.88874 +dlc) (2018) pc | repack by xatab	94552	53787	1.7578968895829847
endless legend [v 1.8.2 + dlc's] (2014) pc | repack от xatab	62793	57410	1.0937641525866573
ys: memories of celceta (2012-2018) pc | лицензия	12632	24676	1.9534515516149462
armello (2015) pc | лицензия	30657	34227	1.1164497504648205
superhot: mind control delete [gog] (2020) pc | лицензия	55252	32429	1.703783650436338
convergence: a league of legends story deluxe edition rc2 [gog] (2023)	17165	23737	1.3828721235071366
crossroads inn anniversary edition	86167	39946	2.1570870675411804
wasteland 2 director's cut (2.3.0.5(a) (32579))	85769	64180	1.3363820504830166
lies of p: deluxe edition [v 1.5.0.0 build 13450100 + dlcs] (2023) pc | repack от decepticon	32046	41586	1.2976970604755664
stargate: timekeepers (2024)	14301	31010	2.1683798335780713
dungeon keeper gold v10.1 [gog] (1997)	8706	15423	1.7715368711233632
medal of honor: pacific assault (2004) pc | лицензия	67558	51141	1.3210144502454
race driver: grid (2008) pc | repack от xatab	89084	48399	1.840616541664084
kingpin: life of crime v1.21 [gog] (1999)	10721	21474	2.0029847961943847
f1 2022 (2022)	36110	24584	1.4688415229417506
white night (2015) pc | repack от xatab	32121	31436	1.0217903041099377
graveyard shift (2023)	17726	21367	1.2054044905788108
flashback v1.0.0 [gog] (2018)	11647	16055	1.3784665579119086
star wars knights of the old republic ii: the sith lords v.1.0b (29869) [gog] (2004)	48465	23496	2.062691521961185
wolfenstein ii: the new colossus digital deluxe edition v.6.5.0.1331 (42660) [gog] (2017)	85329	30546	2.7934590453741897
styx: master of shadows [update 2] (2014) pc | repack by xatab	47229	48887	1.0351055495564165
xuan-yuan sword vii (2020)	19242	36268	1.8848352562103732
yakuza kiwami 2 (update 1) (2019)  repack от xatab	70807	48748	1.4525108722409124
travellers rest v.0.6.6.5 [gog] (early access)	88038	25037	3.516315852538243
genesis alpha one (2019) pc | repack от xatab	57591	59852	1.0392596065357433
wrc 8 fia world rally championship (2019)  repack от	82318	42574	1.9335275050500305
partisans 1941	69301	57368	1.2080079486821922
phoning home (2017) pc | лицензия	41662	23280	1.7896048109965637
amnesia: the bunker v.1.31 [папка игры] (2023)	62346	20063	3.107511339281264
warcraft iii: reforged [v 1.36.2.21230] (2020) repack от decepticon	97403	33643	2.8951936509823737
dayz (2018) pc | лицензия	87484	48665	1.7976780026713244
beyond: two souls [codex-plaza] (2013-2019) pc | лицензия	41373	45347	1.096052981412999
yakuza 6: the song of life [codex] (2016-2021) pc | лицензия	35368	28456	1.2429013213382063
saints row - gat out of hell (2015) pc | repack от xatab	51611	50861	1.0147460726293231
townscaper v.1.2.1 [gog] (2020)	32763	23940	1.368546365914787
afterimage (2023)	22992	17947	1.2811054772385357
drug dealer simulator (2020) pc | лицензия	19355	30331	1.5670886075949366
final fantasy vii remake intergrade [v 1.001 + dlcs] (2021) pc | repack от decepticon	42493	40397	1.0518850409683886
eador: imperium / еадор: империя v.2.75.1 [gog] (2017)	20661	22740	1.1006243647451721
police stories (2019) pc | лицензия	90877	30355	2.9938066216438806
freedom fighters [gog] (2003) pc | лицензия	12856	22108	1.7196639701306782
deathloop: deluxe edition [v 1.769.0.5 + dlcs] (2021) pc | repack от decepticon	28779	29452	1.0233851071962194
sacred gold v.2.28 (17769) [gog] (2004)	24699	23229	1.0632829652589435
call to power 2 v.2.0.0.13 [gog] (2000)	19308	15423	1.251896518187123
the crown of leaves (2018) pc | лицензия	59408	29523	2.012261626528469
doom vfr	55557	70174	1.263099159421855
trek to yomi [gog] (2022) | лицензия	22894	17843	1.2830801995180183
the suicide of rachel foster (2020)  repack от	45375	33804	1.3422967696130634
untitled goose game v.1.0.7 [egs-rip] (2019) pc | лицензия	36983	32907	1.12386422341751
rise of the argonauts (2014\05\01) [папка игры (steam)] (2008)	26365	27769	1.0532524179783804
greyhill incident (2023)	14794	19663	1.3291199134784373
monster hunter: world v.15.23.00 [папка игры] (2018)	86174	41886	2.0573461299718283
spellforce 3: fallen god	55474	44236	1.2540464779817344
wrath: aeon of ruin (2024)	15077	35682	2.3666511905551504
cossacks 3 experience  (v.2.2.3.92.6008 + dlc) (rus|eng|multi5) [repack] by xatab	96972	52804	1.836451783955761
danger scavenger [gog] (2020) pc | лицензия	77890	37215	2.0929732634690312
elderand (2023)	38896	21792	1.7848751835535976
dishonored - definitive edition [gog] (2012)	74710	33062	2.259693908414494
the callisto protocol (30/07/2024) [папка игры] (2022)	88086	29738	2.962068733606833
insomnis [папка игры] (2022)	12458	25398	2.038689998394606
incision v.0.4.5.121 [архив] (early access)	28357	38073	1.342631449024932
blair witch (2019) pc | repack от	75194	42906	1.752528783853074
v-rally 4: ultimate edition (1.08) (2018) pc | repack by xatab	62602	45218	1.3844486708832766
planetbase (2015) pc | лицензия	73538	19637	3.7448693792330805
bioshock 2 remastered v1.0.122864 (25813) [gog] (2016)	18996	20636	1.0863339650452728
gears 5 [steam-rip] (2019) pc | лицензия	59357	44862	1.323101957112924
machinarium collector's edition v.4041 (47360) [gog] (2009)	12539	29266	2.3339979264694155
the evil within	61129	63050	1.0314253463985996
potion craft: alchemist simulator [portable] (2022) pc | лицензия	13815	28522	2.0645674990951863
god's trigger (2019) pc | лицензия	65401	36634	1.7852541355025386
freelancer pc (2003) repack от decepticon	16768	30150	1.798067748091603
final fantasy xiii-2 (2014) pc |  repack от xatab	77786	53780	1.4463741167720343
little nightmares ii - deluxe edition [gog] (2021) pc | лицензия	54349	24274	2.2389799785779023
the awesome adventures of captain spirit (2018) pc | repack от xatab	38299	48804	1.274289145930703
lysfanga: the time shift warrior (2024)	13368	32879	2.4595302214242967
tyranny gold edition  (2016) pc | repack by xatab	65736	42795	1.536067297581493
train sim world 3 (2022) pc | лицензия	23429	26695	1.1393998890264203
the coma 2: vicious sisters [gog] (2020) pc | лицензия	64519	35668	1.8088763036895816
fishing: barents sea (2018) pc | repack by xatab	78023	50183	1.5547695434708966
aliens: colonial marines [v 1.0.210.751923+templargfx acm overhaul v5] (2013) pc | repack от	56394	58995	1.0461219278646665
caesar iii v.2.0.0.9 [gog] (1999)	16705	16921	1.0129302604010775
company of heroes 3 [v 1.4.2.21612 + dlc] (2023) pc | repack от decepticon	26529	35097	1.3229673187832183
contra: operation galuga [build 13626439] (2024) repack от decepticon	16112	31141	1.9327830188679245
ravenous devils [steam] (2022) | лицензия	18911	39434	2.0852413938977317
metal gear rising: revengeance (2014) pc | лицензия	29746	36234	1.2181133597794662
daymare: 1994 sandcastle (2023)	47527	24185	1.965143684101716
rayman 3: hoodlum havoc v.1.0.0 (22189) [gog] (2003)	11523	14006	1.2154820793196217
project cars 3 - deluxe edition [steam-rip] (2020) pc | лицензия	84794	48735	1.7398994562429466
vampyr (2018) pc | лицензия	99537	32893	3.0260845772656797
kingpin: reloaded (1999-2023)	19169	21402	1.1164901664145235
ori and the will of the wisps [portable] (2020) pc | лицензия	15952	32086	2.0114092276830493
door kickers v.1.1.5 [gog] (2014) pc | лицензия	59302	36246	1.6360977763063511
beyond mankind: the awakening [папка игры] (2021)	34620	37505	1.0833333333333333
hidden through time v.1.0.7 (46929) [gog] (2020)	12053	28969	2.403468016261512
friday the 13th: the game (2017) pc | repack by xatab	54302	52826	1.0279407867338053
under the waves (23/02/2024) [папка игры] (2023)	74382	26382	2.8194223334091424
little nightmares ii - enhanced edition (2021) pc | лицензия	36657	30437	1.204356539737819
the witcher 2 assassins of kings - enhanced edition [gog] (2011) pc | лицензия	73117	30921	2.3646389185343293
in nightmare (2022)	10178	22345	2.1954214973472195
sheltered (2016) pc | лицензия	66916	34985	1.912705445190796
call of duty: black ops cold war v.1.34.0.15931218 [battle.net-rip] (2020)	82790	41076	2.0155321842438405
legacy of kain: blood omen 2 v1.0.2 hotfix [gog] (2002)	10838	14195	1.3097434951097988
torchlight 1.15a [gog] (2009) pc | лицензия	38371	23229	1.6518575918033493
iron harvest	87127	48223	1.8067519648300603
sea dogs v1.06 [gog] (2000)	13093	23424	1.7890475826777668
cardaclysm: shards of the four v1.1 (48802) [gog] (2020)	11925	26788	2.2463731656184485
evil west v.1.0.5 [папка игры] (2022)	55125	25449	2.1660968996817163
curse of the dead gods [gog] (2020) pc | лицензия	31904	18896	1.6883996613039798
enotria: the last song v.1.005.26813 [папка игры] (2024)	72812	31039	2.345822996874899
mars: war logs v.1.0.1736 [gog] (2013) pc | лицензия	55813	28542	1.9554691332072034
warhammer 40000: chaos gate v1.2 hotfix 3 [gog] (1998)	10500	16207	1.5435238095238095
the lego ninjago movie video game (2017) pc | repack от xatab	38978	51136	1.311919544358356
bioshock infinite complete edition v.1.0.1643565 (29748) [gog] (2013)	50213	25329	1.982431205337755
weedcraft inc (2019)  repack от xatab	33418	50364	1.5070919863546592
car for sale simulator 2023	72786	30526	2.3843936316582584
borderlands the pre sequel remastered  (2019) pc | repack от xatab	68272	53688	1.2716435702577857
supreme commander - forged alliance	29952	63862	2.132144764957265
werewolf the apocalypse earthblood	91384	48508	1.8838954399274346
bioshock remastered v.1.0.122872 (25715) [gog] (2016)	36814	15825	2.3263191153238547
papetura [gog] (2021) pc | лицензия	26898	19879	1.3530861713365863
valkyria chronicles [update 2 + dlc] (2014) pc | repack от xatab	52190	51882	1.0059365483211904
cossacks 3 digital deluxe edition [v 2.2.3.92.6008] (2016) repack от decepticon	12896	33926	2.630738213399504
crysis remastered [папка игры] (2007-2020)	41164	40338	1.0204769696068223
immortal: unchained [v update.17 + dlcs] (2018) pc | repack by xatab	81672	54554	1.4970854566117975
the chronicles of myrtana: archolos (2021) pc | лицензия	57524	36724	1.5663871038013288
psychonauts 2 [gog] (2021) pc | лицензия	31258	23605	1.3242109722516415
terminator: resistance [gog] 2019	82643	25769	3.2070705110792037
don't starve [gog] (2013) pc | лицензия	58260	20913	2.7858269975613257
frontline zed (2019) repack от	48767	48273	1.0102334638410706
a hat in time (2017) pc | лицензия	47696	24564	1.9417033056505455
scorn deluxe edition [gog] (2022)	34323	24350	1.4095687885010266
the pale beyond deluxe edition v1.2.00.00 [gog] (2023)	16540	19329	1.168621523579202
leisure suit larry magna cum laude: uncut and uncensored v2.0.0.3 [gog] (2004)	18350	25115	1.3686648501362397
sundered: eldritch edition (2017) pc | repack от xatab	20421	42217	2.067332647764556
swat 4 gold edition [gog] (eng) от r.g. gogfan	39502	19970	1.9780671006509765
quake ii: quad damage v3.20 [gog] (1997)	8890	14444	1.6247469066366704
hunting simulator 2 [codex] (2020) pc | лицензия	22652	40872	1.8043439872858908
portal: revolution v.1.6.0 [архив] (2024)	26980	43512	1.612750185322461
crisis in the kremlin (2017) pc | лицензия	68197	34695	1.9656146418792333
assetto corsa competizione [portable] (2019) pc | лицензия	38070	32559	1.169261955219755
va-11 hall-a (2016) pc | лицензия	77263	24291	3.1807253715367834
zombi (2015) pc | repack от xatab	43114	45361	1.052117641601336
blacktail (2022)	39740	25467	1.5604507794400597
bramble: the mountain king (2023)	18602	16828	1.1054195388637984
stray blade (2023)	50115	24474	2.0476832556999263
star wars: knights of the old republic ii - the sith lords v.1.0b [gog] (2004)	52266	41157	1.2699176324805015
hollowbody (21/09/2024) [папка игры] (2024)	87487	36635	2.38807151630954
wolfenstein (2009) pc | rip от  xatab	97908	61267	1.598054417549415
gamedec [папка игры] (2021)	35811	26992	1.326726437462952
sunless sea v.2.2.7.3165 [gog] (2015) pc | лицензия	42444	28443	1.492247653201139
vanquish (2017) pc | repack от xatab	82859	56228	1.4736252400939034
the godfather 2 (2009) pc | repack by	68719	62343	1.1022729095487867
evil genius [gog] (2004) pc | лицензия	12105	15488	1.2794712928541925
star wars the force unleashed ultimate sith edition	60829	54091	1.1245678578691465
tricky towers (2016) pc	24805	35091	1.4146744607941948
two worlds ii epic edition v2.0.6 [gog] (2010)	20889	24048	1.1512279190004309
lords and villeins v.1.6.9 [gog] (2022)	67355	34824	1.9341546060188375
baldur's gate: dark alliance v1.0.4 [gog] (2021)	16326	20444	1.252235697660174
darkwood [gog] (2017)	25850	24172	1.0694191626675493
the casting of frank stone [build 15770319] (2024) repack от decepticon	68262	25280	2.700237341772152
mafia iii: definitive edition [steam-rip] (2016-2020) pc | лицензия	56117	47778	1.174536397505128
foreclosed [папка игры] (2021)	15864	19597	1.2353126575895108
battle chasers: nightwar [gog] (2017) pc | лицензия	11968	24186	2.020889037433155
deep diving simulator (2019) pc | repack от xatab	47375	41978	1.128567344799657
112 operator	37301	41764	1.1196482668024985
farm manager 2018 (2018) pc | repack by xatab	63019	61785	1.0199724852310432
fossilfuel vv1.15/1.1 [папка игры] (2021)	27241	23710	1.1489245044285112
zombotron (2019) pc | лицензия	63870	43566	1.4660515080567416
cuphead (2017) pc | лицензия	74839	26491	2.825072666188517
game of thrones: a telltale games series vs106 [gog] (2014)	33785	19890	1.6985922574157868
the technomancer [update 1] (2016) pc | repack от xatab	66241	44991	1.4723166855593341
crying is not enough: remastered (2018) pc | repack by xatab	41856	45013	1.0754252675840978
kingdoms of amalur: reckoning (2012) pc | repack от xatab	78143	51704	1.5113530868017948
batman the telltale series+telltale batman shadows mode [gog] (eng/rus/multi8) от r.g. gogfan	33561	30662	1.0945469962820429
dishonored 2 [gog] (2016) pc | лицензия	48925	34341	1.4246818671558779
silver chains (2019) repack от xatab	43341	40753	1.0635045272740657
escape: dead island (2014) pc | repack от xatab	47993	56107	1.1690663221719835
crysis 2 remastered (2011-2021)	22944	44128	1.9232914923291493
8doors: arum's afterlife adventure [gog] (2015) pc | лицензия	14617	20818	1.4242320585619483
warhammer 40000: space marine v1.0.1 [gog] (2011)	33748	21528	1.567632850241546
road redemption  (rus|eng|multi8)  [repack] от xatab	76335	49304	1.5482516631510628
lost ember [gog] (2019) pc | лицензия	29038	22722	1.2779684886893758
serious sam: siberian mayhem (2022)	44177	28185	1.5673940039027852
universe sandbox (ранний доступ) [gog] (2015)	38535	33333	1.1560615606156062
staxel [gog] (2019) pc | лицензия	54266	45583	1.1904876818112016
lake (2021) pc | лицензия	25470	28328	1.1122104436592068
darq v.1.2.2 [gog] (2019)	50491	31511	1.6023293453079877
lumberjack's dynasty digital supporter edition [gog] (2021)	72482	25762	2.8135237947364335
chorus [v 1.0.9.216752 + dlc] (2021) pc | repack от decepticon	32360	31165	1.038344296486443
master of orion collector's edition v55.1.1.2.1.41258 locfix [gog] (2016)	13039	20673	1.5854743461921927
thief 3: deadly shadows v.1.1 (21683) [gog] (2004)	27887	22040	1.265290381125227
fort triumph v.1.1.3 (46815) [gog] (2020) pc | лицензия	12516	28567	2.2824384787472036
grime [gog] (2021)	94643	24928	3.7966543645699615
198x (2019) pc | лицензия	23090	32444	1.405110437418796
final fantasy [папка игры] (1987-2021)	16991	23057	1.3570125360484964
chorus [папка игры] (2021)	32046	30991	1.0340421412668195
strafe - gold edition [gog] (2017) pc | лицензия	28359	29937	1.0556437109912198
need for speed: underground pc (2003) repack от decepticon	27678	30117	1.0881205289399523
truberbrook: a nerd saves the world (2019) pc | лицензия	41299	35435	1.165486101312262
flying tigers: shadows over china - deluxe edition (2017) pc | repack от xatab	23998	53149	2.214726227185599
xcom enemy unknown complete pack v401776 [gog] (2014)	18599	21235	1.1417280498951556
wwe 2k battlegrounds	35384	48357	1.3666346371241238
boxes inc. (2018) pc | лицензия	20533	44413	2.1630058929528078
ixion v.1.0.7.0 [папка игры] (2022)	93342	39434	2.3670436679007962
necromunda: hired gun [v 62662 + dlcs] (2021) pc | repack от decepticon	22876	30088	1.3152649064521769
panzer corps 2 - field marshal edition [gog] (2020)	66568	29996	2.2192292305640753
a total war saga: thrones of britannia (2018)	28355	29304	1.033468524069829
streets of rage 4	62780	42753	1.4684349636282834
wrc 9 fia world rally championship	76719	39303	1.9519883978322266
mx vs atv legends (2022)	29124	26414	1.1025971075944574
shantae and the seven sirens [gog] (2020) pc | лицензия	12528	35227	2.811861430395913
warhammer 40 000: space marine 2 - 4k texture pack [только файлы dlc] (2024)	39771	32260	1.2328270303781772
source of madness [gog] (2022)	25920	19504	1.3289581624282198
company of heroes - new steam version (2013) pc | repack от xatab	61605	50637	1.2166005095088572
horizon zero dawn - complete edition [v 1.0.11.14 + dlcs] (2020) pc | repack от decepticon	94210	47341	1.9900297839082401
somerville (2022)	10348	16358	1.5807885581754928
daymare: 1998 [plaza] (2019) pc | лицензия	29714	45085	1.517298243252339
mundaun v.1.0.207 (46282) [gog] (2021) pc | лицензия	32433	28924	1.121317936661596
sunkenland (beta 0.5.10) [архив] (early access)	83337	36259	2.2983810915910534
vampire: the masquerade redemption v2.0.0.3 [gog] (2000)	16164	16387	1.0137960900767138
metal gear solid [gog] (2000)	53056	18547	2.860624359734728
space engineers v.1.205.024 b2 [архив] (2019)	48335	38704	1.2488373294749897
windbound	50781	48369	1.0498666501271476
weedcraft inc [gog] (2019) pc | лицензия	25846	37373	1.4459877737367484
dorfromantik [gog] (2022) pc | лицензия	16595	27397	1.650918951491413
star wars the force unleashed ii v1.1 [gog] (2010)	12672	22147	1.7477114898989898
itorah - save the world edition (2022) | лицензия	9602	19570	2.038117058946053
rune classic v1.10 [gog] (2000)	9352	17748	1.897775876817793
f.e.a.r. 2: project origin + reborn (2010) pc | repack от xatab	74095	61800	1.198948220064725
decision: red daze (2022)	20713	23326	1.1261526577511707
world of goo 2 v.12388w [папка игры] (2024)	92956	24747	3.7562532832262496
halo infinite [steam] single campain (2021) pc | лицензия	47163	44973	1.048695884197185
biped [gog] (eng/rus/multi9) от r.g. gogfan	11877	28133	2.3686957986023405
obduction v.1.8.4.1-ssl (51210) [gog] (2016)	14755	25007	1.6948153168417486
the complex	56455	42508	1.3281029453279383
the quarry: deluxe edition [v 1.07 build 11105655 + dlcs] (2022) repack от decepticon	22293	29404	1.3189790517202709
final fantasy iii [папка игры] (1990-2021)	14772	23057	1.5608583807202816
for the king (2017) pc | лицензия	18596	30980	1.6659496665949667
fury unleashed [gog] (2020) pc | лицензия	64272	37368	1.7199743095696853
